71030 Monica Crossing,CVnivvcFBe,clinic,Health
8 Sachtjen Way,LDNgCyssiL,School,Education
8053 Northfield Way,zCgHwxXxcr,Bank,Finance
87 Larry Hill,OkjYlvdlqK,Landfill,Sanitation
419 Kingsford Alley,yNwTnFiffq,Nursing Home,Welfare
782 Meadow Ridge Alley,IlbDWUnHAf,Museum,Tourism
45324 Sachs Way,nWxiUHMPQb,Landfill,Sanitation
896 Columbus Court,xyDoXaQZMj,Landfill,Sanitation
2 Kim Parkway,muHkdRGyDt,Hospital,Health
5 Mallard Street,fTKuSuNitc,clinic,Health
388 Green Lane,RixpBoUKRN,Visitors center,Tourism
3 Fallview Junction,KIOUyHtVCQ,Sports hall,Sports
34 Maywood Point,OspprhKkty,Landfill,Sanitation
34752 Esker Hill,jfRXsQkmEi,Mall,Finance
881 Northfield Street,cbIZYYiuWU,Sports hall,Sports
73177 Morningstar Street,mOgwFOacDT,Stadium,Sports
93 Lakewood Crossing,SNXyXNpYkF,Mall,Finance
91 Bellgrove Park,QNHXnDcJov,Nursing Home,Welfare
74061 International Alley,XDshlTIfPW,Synagogue,Community
703 Declaration Park,iXzNqpGxQM,Bank,Finance
20041 6th Street,ErVArqfUKL,Synagogue,Community
55 Moulton Alley,kHuiALDuqD,clinic,Health
27 Magdeline Point,pQymjpfObz,Nursing Home,Welfare
827 Dwight Pass,VllYWAQfHN,Bank,Finance
23053 Clemons Terrace,MdYODRjAqE,School,Education
61664 Kennedy Point,SbniOaxdXY,Nursing Home,Welfare
39469 Sage Avenue,ftdfhTilyI,Landfill,Sanitation
57521 Melody Alley,NeYdgTOiQt,Park,Community
898 Lotheville Center,MpbBlIbQjZ,Hospital,Health
424 Talmadge Point,ZgwJijzvHw,Stadium,Sports
96 Bartelt Point,VEnppHzJsm,Stadium,Sports
23 Moose Trail,XTMMMQZiyi,School,Education
41725 Steensland Road,hqNzXthWoG,Stadium,Sports
6003 Fallview Pass,hSnpQxkxEW,Sports hall,Sports
5104 Lakewood Parkway,DJjeZBydjJ,Bank,Finance
7 Vidon Court,GOxBQGBcFL,Nursing Home,Welfare
0888 Westridge Way,cNvevgABoV,Park,Community
3 Eastwood Lane,lgqKBhbncc,Nursing Home,Welfare
566 Forster Lane,yIsvyBxGCK,Nursing Home,Welfare
43 Loftsgordon Drive,gtbuAzggff,Stadium,Sports
6154 Magdeline Court,tfRVVyDUsV,Sports hall,Sports
7995 Sullivan Terrace,PHwGkDvsME,Nursing Home,Welfare
76 Gina Alley,TcxSBxchqs,Visitors center,Tourism
4977 Cambridge Junction,zyRZmVYslA,Landfill,Sanitation
22722 Northport Trail,xOXPyfOrST,Hospital,Health
471 Judy Pass,OzsUUbSdFJ,Nursing Home,Welfare
00 Monterey Center,GyRWdJpMGU,Landfill,Sanitation
25 Linden Alley,NPdqwgoHug,Stadium,Sports
4337 Sundown Avenue,irufzpzqcz,university,Education
720 Sloan Avenue,ikFDndbFLi,Nursing Home,Welfare
89 Jenna Court,NeYxPZqvVX,Hospital,Health
8 Loomis Plaza,qVsFBhveIq,Visitors center,Tourism
1 Oak Street,AsRfkwyeXr,Bank,Finance
5 Wayridge Point,XOkoqaTDaj,Mall,Finance
503 Rowland Plaza,KygqTcyfaQ,School,Education
7 Monica Place,WUHYmTsXLH,Nursing Home,Welfare
4 Dwight Point,QLKubLiXpv,university,Education
10 Sycamore Pass,KRwGWOJFVp,Community center,Community
657 Hazelcrest Trail,qxGxfaTXVU,Mall,Finance
7 Cambridge Street,gdZWhSAAww,Museum,Tourism
9 Bluestem Point,dsFDErkxtW,School,Education
96 Schurz Parkway,WpbwgWcYiR,Stadium,Sports
44 Calypso Way,PzsCNUprtE,Landfill,Sanitation
8 Moose Trail,BmPNNpRslR,School,Education
808 Superior Alley,blWeadwTxC,Sports hall,Sports
135 Weeping Birch Alley,TUYrtACnHA,Stadium,Sports
006 Jackson Point,ldLSkJXdBY,Synagogue,Community
66 Sheridan Place,eidyPRFJDr,Park,Community
0 Fair Oaks Crossing,rWDrhEPrCB,Stadium,Sports
7409 Service Avenue,RHZdYDccWo,Visitors center,Tourism
2745 Ruskin Junction,KNxlWSzEJL,Hospital,Health
43539 Main Trail,zrvtaLbJIb,Mall,Finance
83 Iowa Crossing,zkPzKoyCtu,Nature site,Tourism
21 Bellgrove Road,rTNZIgHzKY,Community center,Community
66 Hazelcrest Plaza,ITLUZcOzYA,university,Education
08330 Logan Trail,KlMIXZROUO,Synagogue,Community
8 Toban Court,RdmJbsMGRD,Community center,Community
6 Transport Road,wnGHERTqqu,Museum,Tourism
10 Shelley Terrace,PPVpEfUNcT,Community center,Community
1 Debra Alley,XIPyosxWRq,Synagogue,Community
25716 Melvin Street,tYGAohvKlP,clinic,Health
568 Cardinal Drive,eNFoadustT,Bank,Finance
29111 Esker Avenue,avEcSCiuIu,Hospital,Health
957 Mandrake Alley,WTMswvcNMu,School,Education
673 Caliangt Road,fAHhVfOmXd,Sports hall,Sports
6882 Coolidge Avenue,hRSTBaUTjF,Sports hall,Sports
06374 Iowa Avenue,WTyOlGllrV,Community center,Community
127 Brickson Park Hill,kPSpoHEsKd,Museum,Tourism
29 Schurz Park,CJJlTeqLAb,clinic,Health
0823 Susan Alley,JvyNmtlkao,Stadium,Sports
2702 Dakota Road,PollVHsAsr,School,Education
9 Elka Terrace,iWiVniBwvL,Mall,Finance
7 Del Mar Plaza,HAahCrhyUG,Sports hall,Sports
7 Fordem Drive,aymGUQClqX,Community center,Community
59 Hanson Junction,IKmOYLXhYX,Sports hall,Sports
96637 Towne Place,dVKWLreTXr,Bank,Finance
54814 Prentice Alley,bZDYQLHWdJ,Hospital,Health
7207 Dakota Crossing,WqkXtprYYL,Landfill,Sanitation
79042 Caliangt Court,hEhpFbpqYJ,Nursing Home,Welfare
1 Waywood Plaza,WyMTjPhjtu,Landfill,Sanitation
3 Calypso Place,ChQEvFSidV,Nursing Home,Welfare
3 Sloan Crossing,cpzoxlMwyU,Landfill,Sanitation
551 Everett Park,xQrmHnZGxt,Landfill,Sanitation
525 Eliot Road,lclAOmazIc,Park,Community
09482 Main Lane,lIZYYHZEbd,Mall,Finance
97617 Sachtjen Alley,wwyPlCvWyD,Park,Community
2096 Armistice Center,QniDVtZAtv,Nature site,Tourism
14101 Texas Crossing,VTrErevBww,Mall,Finance
098 West Terrace,kYoCPhFxNB,Synagogue,Community
0969 Schurz Center,iZQLBnJAIC,university,Education
20 Muir Crossing,rBzJVrfpbM,Hospital,Health
03 Sullivan Plaza,TbQYNlECcn,university,Education
2159 Loftsgordon Road,SFXYQxouEL,Nursing Home,Welfare
776 Springview Place,bGxOdUyUOu,Synagogue,Community
058 Pankratz Drive,WhaNoEMIbl,Bank,Finance
5964 Truax Road,mAPFAuJpdH,Sports hall,Sports
4267 High Crossing Circle,aLwYsIRmCx,Synagogue,Community
832 Drewry Point,yjKREFDLhu,clinic,Health
59149 Raven Road,xLkOVWMXuy,Landfill,Sanitation
08555 Glendale Pass,mGwpmbAbmT,Park,Community
9 Pankratz Alley,VYWaLZyTQY,School,Education
70 Heath Street,JwtkQoKKFB,Hospital,Health
16 Westridge Circle,NhEYdLBsrr,School,Education
65786 Florence Plaza,IMDPtOFTbf,Sports hall,Sports
2173 Red Cloud Hill,eFRVpxrwGJ,Sports hall,Sports
2 East Terrace,DJKdxEwCwF,Stadium,Sports
7457 Charing Cross Court,kYGzTdlirW,Community center,Community
11 Sunbrook Hill,ErRQRLKQQh,Landfill,Sanitation
915 Duke Trail,huomwkjQsn,Bank,Finance
4 Nelson Terrace,xMurUqVorT,Museum,Tourism
9127 Dexter Circle,cLYKecziwN,Landfill,Sanitation
98716 Dunning Hill,ZYEQASlkXF,clinic,Health
33 Division Avenue,LScmDWrtTh,Nursing Home,Welfare
76641 Forster Center,DpcLwPoRhC,Sports hall,Sports
34 Bultman Place,TLrqiZRuQN,Landfill,Sanitation
91132 Everett Lane,APwRLRlIZE,university,Education
39160 Cambridge Trail,mlrcnVzsxQ,School,Education
5518 Onsgard Center,yPqeHkILxE,Museum,Tourism
93 Granby Way,ucaiThVxEF,Nature site,Tourism
470 Bultman Junction,UnWqfprOAR,clinic,Health
31378 Union Avenue,HjWySvkEdm,Nursing Home,Welfare
63 Farragut Pass,KYsecCjozn,Bank,Finance
92386 Di Loreto Road,mkRkqfougg,Visitors center,Tourism
6965 Village Place,nrreCGsuBo,Landfill,Sanitation
39021 Westridge Hill,lLbVCpTGiv,Nursing Home,Welfare
6345 Troy Road,TSyBEarmuT,Community center,Community
78 Caliangt Center,fbPBTuCDUz,Mall,Finance
279 American Ash Terrace,mtdcmNsfTw,Hospital,Health
38495 Eagle Crest Drive,uILdxDUorr,Bank,Finance
05882 Lake View Lane,YqJMpHFnDX,Bank,Finance
8565 Loftsgordon Avenue,tVQcRtffGP,Sports hall,Sports
59 Thierer Alley,NyBKzLsoBv,Nature site,Tourism
2 Duke Way,XHFMNIqOgO,Museum,Tourism
6029 Schlimgen Alley,zHpQzfavtu,Landfill,Sanitation
083 Calypso Way,zvhWjuxTFN,Nature site,Tourism
2793 Gateway Point,Wsczimolel,university,Education
70 Merry Circle,wsXKNRvLbs,School,Education
30 Duke Center,QGpDIWplKb,university,Education
49212 Schmedeman Terrace,EVHuFaPzHq,Mall,Finance
246 Stang Street,dhJDSTchAQ,Museum,Tourism
2 Texas Road,BKUhoTOGdS,Landfill,Sanitation
523 High Crossing Parkway,wmtCKVRRgk,Nursing Home,Welfare
1171 Mesta Lane,oRjnPmNTRZ,Landfill,Sanitation
12678 Division Parkway,eVecobRaMc,Sports hall,Sports
308 Hansons Hill,ecRMNuArzZ,university,Education
755 Transport Alley,NoILghOXGP,Nursing Home,Welfare
149 Mccormick Terrace,jRZncvznxt,Hospital,Health
8 Southridge Crossing,JnOcmSmTEn,School,Education
013 Westridge Pass,SDLbLMGbqx,Nursing Home,Welfare
416 Orin Crossing,cCwtpMBinQ,Stadium,Sports
6211 Kipling Drive,oZSRvkQohJ,Museum,Tourism
2 Hazelcrest Circle,eBErjoEQEU,Nursing Home,Welfare
9294 Arapahoe Center,ssZlddIGTl,clinic,Health
70 Nancy Avenue,VZisvLBJrZ,Hospital,Health
73 Packers Terrace,lgeucsjwws,Sports hall,Sports
5 Waywood Drive,RdIkDxWzjU,Bank,Finance
3374 Macpherson Center,yUmFPeOXIb,Park,Community
4 David Junction,pUrEQskEci,Stadium,Sports
6509 Cardinal Alley,oTCOfIwRtu,university,Education
343 Prairieview Place,UmbksrGVxA,Sports hall,Sports
33 Sachs Plaza,JBtNuthGSL,Sports hall,Sports
3 Upham Lane,yniInhyAwS,Landfill,Sanitation
95 Mitchell Pass,vGdnaXfnhp,Mall,Finance
4565 Longview Alley,nvHcOYNwnG,Park,Community
4855 Porter Point,CgZOtLkgVG,Landfill,Sanitation
3 Mandrake Pass,UEcqsKhGGh,university,Education
465 Forest Run Circle,MCacBTqcqC,Stadium,Sports
293 Pankratz Parkway,AVlxqPxJgn,Landfill,Sanitation
0195 Crescent Oaks Street,HmqwnEMtQE,Nursing Home,Welfare
71 Killdeer Alley,HgaPRPWjUO,Museum,Tourism
24 Weeping Birch Crossing,TajYWXKjfK,university,Education
1 Glacier Hill Alley,QGjYLFCzcs,Nursing Home,Welfare
871 John Wall Trail,BbPIBxLYsR,School,Education
0209 Division Plaza,yfqNRSdVBA,Park,Community
5339 Kipling Drive,aiAvDJDDet,Bank,Finance
95751 Kingsford Lane,UXnhZjkYcl,Nursing Home,Welfare
18 Pine View Place,kMaUKVnPpt,Nursing Home,Welfare
616 Sheridan Trail,zTtSmAlqwP,Landfill,Sanitation
31350 Judy Plaza,PXdqVsSblB,Landfill,Sanitation
46 Moose Hill,GUBeyQnJgs,Mall,Finance
55 Fordem Trail,SZzvGsmvVU,university,Education
85178 Corry Crossing,ioOSovqDwN,School,Education
7 Merrick Trail,DaZAjiHKQO,School,Education
9708 Evergreen Court,BltRobAxBL,Nursing Home,Welfare
485 Debs Junction,GhsUebwFfr,Park,Community
9603 Westerfield Pass,NBRvRvjRdR,Nursing Home,Welfare
3 Merrick Parkway,uPUXvRHCWV,clinic,Health
233 Acker Trail,DuxvKnflCM,Nursing Home,Welfare
163 Clove Park,CpqnEHcKkG,clinic,Health
45 Brown Junction,NMpfVriDFd,Mall,Finance
48436 Chive Plaza,BSCMNilfCK,Landfill,Sanitation
99 Vidon Court,SNcIILkbvL,Nursing Home,Welfare
74 Stone Corner Trail,oscsfvYRTK,Nursing Home,Welfare
43414 Merrick Center,xsLJsFXUNN,Hospital,Health
91 Crownhardt Crossing,nXLKOVycVi,Park,Community
20770 Shopko Park,kIDPKqBirY,Mall,Finance
55 Northview Avenue,AhDkHxhuTp,clinic,Health
238 Russell Alley,bVkdMlfatG,Park,Community
46568 Sutteridge Alley,fgbDUoZupF,Sports hall,Sports
98 Express Pass,pdjQKCdhhY,Nursing Home,Welfare
26 Barnett Drive,oNQNkuRiGQ,Nursing Home,Welfare
523 Meadow Ridge Street,kAfxSTrLGl,Nature site,Tourism
411 Swallow Circle,SeUHHufpoe,clinic,Health
6499 Prairie Rose Parkway,ShZObWVXVm,Nursing Home,Welfare
07 Lindbergh Circle,mDCIUKBCbJ,Visitors center,Tourism
5525 Meadow Vale Road,oWXDfJJdzn,Sports hall,Sports
76317 Londonderry Point,jeOMWUGjdz,Stadium,Sports
8 Leroy Court,WpkXjDFIhe,Landfill,Sanitation
6000 Golf Junction,VRDcvqEVtU,Mall,Finance
92 Ridgeview Hill,tMhZhkvXMw,Sports hall,Sports
6 Prairieview Lane,YIzorvLHiu,Landfill,Sanitation
36267 2nd Terrace,WhTuunZevs,Stadium,Sports
903 North Crossing,GGlfrljDNs,Mall,Finance
1046 Ilene Court,DUyiSOqLyZ,Landfill,Sanitation
6 Delladonna Park,FLHIxlzwSx,Bank,Finance
19 Carberry Avenue,UcDvEWJQMb,Museum,Tourism
219 Bowman Plaza,KFezdNGGcr,Hospital,Health
40816 Crest Line Junction,boDbVjRFHr,Landfill,Sanitation
935 Manitowish Lane,cVBkqFrXTJ,university,Education
59969 Sunfield Drive,UmErsjIwPJ,Museum,Tourism
7 Dorton Center,wDyLIVUrWr,School,Education
972 Northfield Trail,YKOvNATHEB,university,Education
1777 Bonner Crossing,tZjCrJZylY,Bank,Finance
646 Meadow Valley Trail,RiSGtnUyka,Community center,Community
0626 Warbler Hill,VqVrdTeBzA,Museum,Tourism
60402 Superior Junction,YPdUhPLCYL,Sports hall,Sports
175 Dawn Terrace,pHtdURQSnI,Mall,Finance
8861 Crescent Oaks Hill,pCxUCdfWuD,Visitors center,Tourism
0 Kropf Place,RzqqFmUOhu,Stadium,Sports
7 Muir Pass,wlzWEjCykE,Nursing Home,Welfare
55 Sunnyside Parkway,PyUxCupYVF,Synagogue,Community
8923 Toban Point,wetKOhqXxw,Mall,Finance
3 Spaight Street,HCBMzxzySR,Community center,Community
5 Lindbergh Street,VIYzWTdcAO,Landfill,Sanitation
1946 Blackbird Park,UGLbJjjlsQ,Hospital,Health
71 International Hill,PTvJZkXpkH,Nursing Home,Welfare
9048 Northridge Park,OsyWSMAEQH,School,Education
8 Saint Paul Parkway,HkAGpYkYrw,Bank,Finance
2669 Melby Way,kUkpfXdeCI,Mall,Finance
34 Memorial Drive,dTsDxULeLx,Nursing Home,Welfare
3710 Elka Terrace,lhqIoVuXtm,Mall,Finance
536 6th Avenue,NDPOyktpAv,Mall,Finance
015 Anniversary Drive,LGmSjcbfKF,Nature site,Tourism
4 Express Alley,cNgnbMHrgZ,Sports hall,Sports
55942 Gulseth Hill,BzlIpXBued,Bank,Finance
68 1st Center,JBFYhVnmqs,Landfill,Sanitation
1502 Banding Road,WvBAaWgfJj,Park,Community
8718 Hollow Ridge Park,LPLOouXQAH,Landfill,Sanitation
3 Monument Point,QTsxuupQoR,Bank,Finance
20 Schmedeman Plaza,rxkEZsieYv,Museum,Tourism
057 Mosinee Pass,naxsSSiQPf,School,Education
0 Thierer Hill,XxPTuSsDxZ,university,Education
15 Vernon Center,QwALSpqfwE,Park,Community
59 Dakota Junction,rUtbLPGrbp,Landfill,Sanitation
588 Kensington Place,rTopmLyQOW,Nursing Home,Welfare
947 Sage Circle,yadXRkhhGh,university,Education
03146 Ludington Terrace,dAlZTqqllc,Landfill,Sanitation
4778 Meadow Vale Drive,DxXFHRFZVo,Visitors center,Tourism
6355 Basil Parkway,ZVfDGZhBIb,Mall,Finance
280 Loomis Lane,BNqqoWNmyC,Landfill,Sanitation
82 Helena Alley,DWmPDLAQmV,Bank,Finance
8815 Anhalt Court,SGCRwbAZFK,School,Education
84 Muir Pass,NDjpgesECH,Nursing Home,Welfare
6 Fisk Drive,ijopzukpmL,Nursing Home,Welfare
251 Spenser Drive,ffWgNIDewp,Nursing Home,Welfare
918 Monument Hill,ewdqIMDHAV,Landfill,Sanitation
921 Porter Lane,xKeStQgPJL,School,Education
308 Roth Center,kpYdUGmjfa,Visitors center,Tourism
73259 Scofield Crossing,LMyLljArHT,clinic,Health
789 Bunting Junction,rFtBEKxmcj,Hospital,Health
0 Havey Park,CxyupRaMuS,Hospital,Health
41 Novick Junction,IvyyDxfBOD,Mall,Finance
9164 Briar Crest Alley,gFtXpeyABi,Synagogue,Community
12 Vahlen Plaza,kzaFfORthu,university,Education
209 Vidon Park,EBCPvnBoYi,Hospital,Health
59582 American Trail,phtYISddPB,Bank,Finance
81137 Morningstar Terrace,ilPSfmznXS,School,Education
2543 Merchant Parkway,mVZvcYEtni,Community center,Community
4 Starling Way,XuoHLdSGYk,clinic,Health
395 Sauthoff Junction,zJLipzGhIv,Nursing Home,Welfare
74 Claremont Road,eQYMLjLQGA,Museum,Tourism
4565 Sunfield Hill,QikERaXOBA,Visitors center,Tourism
248 Lukken Drive,ufBlEHtipJ,Landfill,Sanitation
72222 South Crossing,JOAiLMcwRR,Community center,Community
7 Eggendart Street,GQGqbbDPNS,Mall,Finance
0 Blaine Place,IPwpAlvcEu,Sports hall,Sports
35 Huxley Lane,BbkrtjBjtL,School,Education
651 Northport Crossing,FdzzPqETJY,Landfill,Sanitation
8300 Village Green Court,KKAMdhPTxn,School,Education
529 Old Shore Park,NfYfgdtODt,Landfill,Sanitation
49 Old Shore Parkway,wVLASXrXWO,School,Education
2525 Mandrake Circle,NnCCqugSbv,Nursing Home,Welfare
031 Surrey Lane,pmQaiunKLL,School,Education
986 Morrow Hill,jUxNIFRKYU,Hospital,Health
87496 Mesta Trail,rwZWGcktTB,Stadium,Sports
32 Anzinger Place,fqVBSwJfnm,Mall,Finance
2 Waxwing Road,YBtehabKOb,Landfill,Sanitation
22174 Canary Point,baQmgYMEke,Mall,Finance
77907 Monterey Drive,NBcTEeblxO,Bank,Finance
6096 Bartelt Park,mVjeZRsvZX,clinic,Health
50 Stone Corner Way,WSIUckcKfl,Nursing Home,Welfare
1837 Hazelcrest Point,urUKlgihLL,Visitors center,Tourism
897 Goodland Center,fxyEUUnrXk,Nursing Home,Welfare
91459 Anniversary Pass,nVbnOwIHUn,School,Education
988 Emmet Park,lrGUyvhHct,School,Education
695 Derek Street,xVMmpQmAyX,Landfill,Sanitation
9019 Brown Lane,fCORNWKIcr,Mall,Finance
023 Aberg Place,SvLJNRMBIW,Visitors center,Tourism
7 Thackeray Trail,ekAuuAHnNA,Mall,Finance
430 Superior Road,lWBsKGZIWS,Bank,Finance
747 Cottonwood Street,edBoneWxpA,Nursing Home,Welfare
72 Donald Plaza,iENhNeoaVX,Hospital,Health
7932 Dahle Park,NyXMrXhKxl,School,Education
68576 7th Parkway,oIXsxhkjLn,Nursing Home,Welfare
8 Delaware Court,cNsjLLDTCl,Visitors center,Tourism
95875 Center Street,FhHJnYrZCh,Mall,Finance
7877 Butterfield Court,qYXqPXafDN,Landfill,Sanitation
207 Debra Alley,REikRMBBpr,Mall,Finance
35 Monica Crossing,tOmurkFaJf,Mall,Finance
23 Kropf Park,xdNhGZWlnl,Hospital,Health
044 Tomscot Drive,wdFtLWLYOQ,university,Education
7 Oriole Crossing,ClqYjLgsYa,Landfill,Sanitation
8549 Kim Parkway,TnakYakXPZ,Landfill,Sanitation
045 Randy Trail,QCeGuQEGQZ,Park,Community
8 Dayton Center,kHqnhdrnBr,Bank,Finance
3432 Graceland Park,icLyElOKFs,Nursing Home,Welfare
517 Golden Leaf Trail,OJLvFecJdp,Nursing Home,Welfare
18743 Longview Alley,oFGxKmLXWf,Bank,Finance
6964 Cottonwood Place,daQMwxiooG,Museum,Tourism
8873 Westend Circle,EGxjDUtZJj,university,Education
7 Springview Drive,GdkWMYJlZm,Landfill,Sanitation
90 Welch Park,iffdfMRJEU,School,Education
540 Pepper Wood Road,FYvcqOuwru,Sports hall,Sports
2057 Hintze Road,zoRGIHLsQL,Bank,Finance
35 Pennsylvania Road,xzpVdjAGri,university,Education
0 Messerschmidt Way,SeXtxvsehX,Nursing Home,Welfare
121 Birchwood Parkway,fMSykhIFYF,Nursing Home,Welfare
164 Bowman Park,BwnzWiwdsP,Stadium,Sports
2 Merry Trail,jyXyKWUQOn,School,Education
79 Pepper Wood Avenue,aBhKJdTwdx,School,Education
62 Sunnyside Plaza,WTbhUEebmo,Mall,Finance
2 Ruskin Park,virYQxySSt,Synagogue,Community
785 Hallows Point,bZWODyJTuU,Sports hall,Sports
9245 Kedzie Hill,sbAjChFIun,Museum,Tourism
15 4th Street,TRzjcQAwhl,Museum,Tourism
457 Dayton Center,vRWipRqIMU,Museum,Tourism
6 Mandrake Pass,wrcLxSCoev,Nature site,Tourism
22 Towne Hill,kCeUlJhuaJ,Sports hall,Sports
44780 Ohio Avenue,hdzNCAtsLm,Sports hall,Sports
6580 Continental Parkway,rTDcYEMXoY,Mall,Finance
7092 Ruskin Point,dpagObNqtm,Community center,Community
1 Ridgeway Drive,AjKdUBWupR,Museum,Tourism
0875 Miller Terrace,DEcgOHYpWM,Sports hall,Sports
0248 Victoria Place,WKXnbscihb,Mall,Finance
811 Carberry Pass,MTZWdToyNN,Museum,Tourism
30090 Springs Alley,mDgvCpJJSy,clinic,Health
17 Coolidge Hill,PeIoAmdMEH,Park,Community
8197 Ryan Hill,BJBWaDDWgA,Community center,Community
5 Lyons Alley,lzrkbleedM,Mall,Finance
5 Barby Lane,OLmhxBvTRG,university,Education
963 Karstens Drive,GOCxQXCRpp,School,Education
2 Graceland Circle,ijmDcPUgcb,Landfill,Sanitation
3 Pennsylvania Plaza,vJmEOircvB,School,Education
08 Karstens Terrace,FOQYeOVRsf,Nursing Home,Welfare
3 Bonner Parkway,GYvVExXQPA,Hospital,Health
5581 Texas Center,HeKCxHJKCq,Nursing Home,Welfare
6 Morning Lane,IlokMkeLiQ,School,Education
5 Lukken Hill,KartLrAbdT,Visitors center,Tourism
83 John Wall Way,VYIQdlneKA,Landfill,Sanitation
13892 Corben Road,NKzBJIkeuf,Sports hall,Sports
9491 Hermina Crossing,fuIRzNHWtm,Bank,Finance
25611 Lunder Circle,YUcmLedVZH,Synagogue,Community
426 7th Park,SwYydiAtWc,Synagogue,Community
74269 Goodland Crossing,nGokUkqUGT,clinic,Health
32 Melrose Place,Gwmrkfpldk,clinic,Health
8453 Pepper Wood Court,dBpVqssiJv,university,Education
1 Utah Crossing,LTLZnwrDGn,university,Education
78388 David Lane,PgHmMFJKBQ,School,Education
6 Continental Plaza,kkQjruBEAz,Sports hall,Sports
12969 Division Court,FcKVtrmUjX,School,Education
000 Cardinal Place,DkiKTARkKn,Nursing Home,Welfare
95747 Charing Cross Lane,YIJxRlnJsT,university,Education
252 Talisman Street,VqAiSmPvFX,Synagogue,Community
949 Brickson Park Drive,pSWMtFvuff,Community center,Community
70558 Sage Court,lQuJDFElUa,Community center,Community
533 South Place,RaOyqEAEgV,clinic,Health
226 Darwin Park,vXDaPzYWSU,Nursing Home,Welfare
803 Nelson Way,ywjTMoBZia,Nursing Home,Welfare
8 Almo Circle,qqaHppgEBg,Nursing Home,Welfare
3 Bunting Lane,SShIUeVeBK,Park,Community
425 Calypso Terrace,BKQbIjFesI,Landfill,Sanitation
174 Meadow Valley Street,hImRFFsuOM,Nursing Home,Welfare
17 Burning Wood Street,rzUkKQAJOk,Sports hall,Sports
22107 Menomonie Circle,JdzSLLYDKP,clinic,Health
065 Surrey Terrace,AmMdpPcSjI,Sports hall,Sports
4 Heath Place,dmafcEGcEv,university,Education
85986 Myrtle Lane,rxrDCgxGzI,Synagogue,Community
23 Mesta Junction,MtniiyrLJF,Nursing Home,Welfare
2090 Menomonie Court,DaKIdtEbLl,Mall,Finance
8 Ruskin Junction,ExLaZRNZim,Synagogue,Community
70 Gale Point,aHMvNRycHn,Landfill,Sanitation
0057 Dryden Plaza,axTJhTwMqA,Nursing Home,Welfare
04 Goodland Junction,EPhOLvIyEy,Museum,Tourism
54337 Crowley Alley,XreZgzjuzK,university,Education
140 Thackeray Lane,IYKNAFCZTx,Stadium,Sports
065 Artisan Park,rNggMauAbh,Bank,Finance
2 Springview Plaza,PlROomFtAp,Nursing Home,Welfare
672 Del Mar Street,vHbJoKouBS,Visitors center,Tourism
4942 Waywood Avenue,WBSCaLMZVj,Nursing Home,Welfare
04 Stone Corner Terrace,PvBRZOCOMc,Nursing Home,Welfare
88 Columbus Plaza,wXKmOWSgJD,Community center,Community
4 Comanche Circle,nigWREjcXQ,Nature site,Tourism
0074 Bayside Circle,JFkfnkDGcm,clinic,Health
7585 Judy Place,sWkigoOhBY,clinic,Health
761 Hooker Point,gjoNTIXvnQ,Stadium,Sports
84372 Express Plaza,oGZeYrqYYh,Landfill,Sanitation
33 Arkansas Circle,CNtetHkdRy,Mall,Finance
2197 Farwell Trail,ULyAlVddYj,Mall,Finance
1 Carioca Crossing,EdATUgEFaW,Landfill,Sanitation
52 Barnett Park,jzNPeJDopF,Bank,Finance
552 Northwestern Park,wMRYaTctrQ,university,Education
1155 Dottie Park,BQxDWBewJG,Mall,Finance
4 Jay Plaza,GTCkdXCqbv,Nature site,Tourism
2815 Miller Parkway,qgQScfMxvO,Community center,Community
2986 Basil Pass,UqQTvyAkGJ,Mall,Finance
084 Hudson Court,kgCOemXguw,Landfill,Sanitation
0074 Talmadge Trail,zLwEDwmaBZ,Bank,Finance
95796 Acker Lane,xqmDqLaqGU,Landfill,Sanitation
6 Thierer Lane,HkdGtOWSxf,Mall,Finance
2332 Jay Court,TjMxbEzUIW,Landfill,Sanitation
51444 Eggendart Avenue,aZVmmXhfVc,Hospital,Health
58 Arapahoe Road,fXyGhdZzVD,Visitors center,Tourism
83797 Truax Court,htPfWuNhBp,Stadium,Sports
7 Warrior Park,BQedlkWpwd,Community center,Community
73066 Autumn Leaf Trail,PnhmZENAGv,School,Education
3 Cardinal Place,qtcVQuuFDr,Sports hall,Sports
11965 Holy Cross Point,fXMkYcjcle,Stadium,Sports
61 Cascade Terrace,XSUFlhdgVv,Community center,Community
7 Sullivan Crossing,knCWnkEFfX,Mall,Finance
237 Carberry Lane,jpBlNlgVlM,Stadium,Sports
166 Shasta Parkway,pcxaZBmbkq,Hospital,Health
4 Sunnyside Road,WBFyEBYUBu,Visitors center,Tourism
3 Novick Street,IcDmBBSHED,Hospital,Health
468 Clyde Gallagher Pass,guXoVsUaCJ,School,Education
6404 Russell Hill,PYFJJrYyzk,clinic,Health
8 Scofield Parkway,FNkWuCOfZj,Landfill,Sanitation
26705 Scofield Street,FUzOZRqLSb,university,Education
8 Harper Parkway,OLPEaGvaLp,Mall,Finance
79070 Lerdahl Avenue,XdQKYbSwHT,Nursing Home,Welfare
4 Northfield Park,LKjjmxLDty,Mall,Finance
180 Thompson Park,kWuhaZguGW,Nature site,Tourism
676 Sloan Point,zZhNoFDLUs,Synagogue,Community
667 7th Lane,ywfGNGTvrV,Stadium,Sports
53 Barnett Lane,WQnFHaDnim,Museum,Tourism
26553 Sage Parkway,XkxGgubObw,Hospital,Health
168 Evergreen Way,wSGHWOQvGQ,university,Education
77 Village Green Trail,hGyyLDLnvk,Community center,Community
7920 Derek Lane,fAeYtnEBxl,Nursing Home,Welfare
6 Mallard Junction,zASJxqJXGC,Nursing Home,Welfare
28436 Forest Run Pass,buhLWYQTgv,clinic,Health
4868 Sunnyside Court,qatEXXGhrG,Park,Community
0 Straubel Place,WmfAjKbUSe,Landfill,Sanitation
2 Holy Cross Drive,IKKheAXLAh,School,Education
0788 Arizona Lane,OTDEkWqlSt,Bank,Finance
0430 Drewry Center,TtCDuqMwcO,Community center,Community
839 Forster Terrace,NtdqXFOuXq,Nursing Home,Welfare
06358 Summit Circle,IOLHnHMJzl,Sports hall,Sports
7326 Bay Way,nzZNgGbuVO,university,Education
03 Springview Point,RcloEcttFB,Community center,Community
132 Ramsey Hill,kFxdNhcvXL,Sports hall,Sports
4561 Melby Avenue,ObmQSwfzFi,Community center,Community
4294 Larry Trail,yYKQSjEUpm,Nature site,Tourism
57149 Summer Ridge Center,ltvvpJDtzN,Sports hall,Sports
3954 Columbus Road,EugdCZeFzX,Hospital,Health
931 Esker Center,wSHlSHtRnr,Nursing Home,Welfare
324 Haas Way,iITyeFGxjY,Mall,Finance
66 Dexter Point,zLAgZBBzMC,clinic,Health
15539 Fulton Road,XiXcROxTii,Hospital,Health
33852 Onsgard Junction,rlrbjPAUKN,Mall,Finance
104 John Wall Way,GIUWCYaTXm,Nursing Home,Welfare